{"cameraMode":{"drawMode":0,"name":"Shaded","section":"Shading Mode"},"sceneLighting":true,"audioPlay":false,"sceneViewState":{"showFog":true,"showMaterialUpdate":false,"showSkybox":true,"showFlares":true,"showImageEffects":true,"showParticleSystems":true},"in2DMode":false,"pivot":{"x":-19.15535545349121,"y":-0.2726540267467499,"z":-5.230465888977051},"rotation":{"x":0.12047328799962998,"y":0.04614383354783058,"z":-0.005606042221188545,"w":0.9916276931762695},"size":31.344728469848634,"orthographic":true}