{"cameraMode":{"drawMode":0,"name":"Shaded","section":"Shading Mode"},"sceneLighting":false,"audioPlay":false,"sceneViewState":{"showFog":true,"showMaterialUpdate":false,"showSkybox":true,"showFlares":true,"showImageEffects":true,"showParticleSystems":true},"in2DMode":false,"pivot":{"x":5.960464477539063e-8,"y":1.9539999961853028,"z":-1.1920928955078126e-7},"rotation":{"x":-0.2063761204481125,"y":-0.016143234446644784,"z":0.0034051190596073868,"w":-0.9783336520195007},"size":7.362061500549316,"orthographic":false}