{"cameraMode":{"drawMode":0,"name":"Shaded","section":"Shading Mode"},"sceneLighting":false,"audioPlay":false,"sceneViewState":{"showFog":true,"showMaterialUpdate":false,"showSkybox":true,"showFlares":true,"showImageEffects":true,"showParticleSystems":true},"in2DMode":false,"pivot":{"x":-8.561617851257325,"y":1.3700000047683716,"z":-3.630000114440918},"rotation":{"x":0.22775958478450776,"y":-0.6203992366790772,"z":0.19497522711753846,"w":0.7247172594070435},"size":1.7224448919296265,"orthographic":true}