{"cameraMode":{"drawMode":0,"name":"Shaded","section":"Shading Mode"},"sceneLighting":false,"audioPlay":false,"sceneViewState":{"showFog":true,"showMaterialUpdate":false,"showSkybox":true,"showFlares":true,"showImageEffects":true,"showParticleSystems":true},"in2DMode":false,"pivot":{"x":12.69999885559082,"y":3.0500001907348635,"z":-10.19999885559082},"rotation":{"x":0.17268148064613343,"y":-0.28643476963043215,"z":0.05256675183773041,"w":0.940942645072937},"size":4.041658401489258,"orthographic":false}