{"cameraMode":{"drawMode":0,"name":"Shaded","section":"Shading Mode"},"sceneLighting":false,"audioPlay":false,"sceneViewState":{"showFog":true,"showMaterialUpdate":false,"showSkybox":true,"showFlares":true,"showImageEffects":true,"showParticleSystems":true},"in2DMode":false,"pivot":{"x":2.2898104190826418,"y":0.7533525824546814,"z":-0.480222225189209},"rotation":{"x":0.03493760526180267,"y":-0.0943005383014679,"z":-0.0033116983249783518,"w":-0.9949250221252441},"size":5.51223611831665,"orthographic":false}