{"cameraMode":{"drawMode":0,"name":"Shaded","section":"Shading Mode"},"sceneLighting":false,"audioPlay":false,"sceneViewState":{"showFog":true,"showMaterialUpdate":false,"showSkybox":true,"showFlares":true,"showImageEffects":true,"showParticleSystems":true},"in2DMode":false,"pivot":{"x":-0.3999999761581421,"y":1.3580000400543213,"z":1.7200000286102296},"rotation":{"x":-0.06910596787929535,"y":-0.0651986300945282,"z":0.004527413286268711,"w":-0.9954662919044495},"size":3.157883882522583,"orthographic":false}