{"cameraMode":{"drawMode":0,"name":"Shaded","section":"Shading Mode"},"sceneLighting":false,"audioPlay":false,"sceneViewState":{"showFog":true,"showMaterialUpdate":false,"showSkybox":true,"showFlares":true,"showImageEffects":true,"showParticleSystems":true},"in2DMode":false,"pivot":{"x":-0.000008344650268554688,"y":-0.2443399429321289,"z":-1.0927019119262696},"rotation":{"x":-0.038025278598070148,"y":0.8898200392723084,"z":0.07546240091323853,"w":0.4484192430973053},"size":39.7779655456543,"orthographic":false}