{"cameraMode":{"drawMode":0,"name":"Shaded","section":"Shading Mode"},"sceneLighting":false,"audioPlay":false,"sceneViewState":{"showFog":true,"showMaterialUpdate":false,"showSkybox":true,"showFlares":true,"showImageEffects":true,"showParticleSystems":true},"in2DMode":false,"pivot":{"x":-0.06299996376037598,"y":1.2619999647140504,"z":0.0},"rotation":{"x":0.013497525826096535,"y":-0.016497289761900903,"z":0.00022327381884679198,"w":0.9997727870941162},"size":4.256363868713379,"orthographic":false}