{"cameraMode":{"drawMode":0,"name":"Shaded","section":"Shading Mode"},"sceneLighting":false,"audioPlay":false,"sceneViewState":{"showFog":true,"showMaterialUpdate":false,"showSkybox":true,"showFlares":true,"showImageEffects":true,"showParticleSystems":true},"in2DMode":false,"pivot":{"x":-9.109999656677246,"y":3.2797722816467287,"z":-3.630000114440918},"rotation":{"x":0.008147832937538624,"y":0.6307003498077393,"z":-0.006622597575187683,"w":0.7759554982185364},"size":4.431395530700684,"orthographic":true}