{"cameraMode":{"drawMode":0,"name":"Shaded","section":"Shading Mode"},"sceneLighting":false,"audioPlay":false,"sceneViewState":{"showFog":true,"showMaterialUpdate":false,"showSkybox":true,"showFlares":true,"showImageEffects":true,"showParticleSystems":true},"in2DMode":false,"pivot":{"x":-0.06299996376037598,"y":1.2619999647140504,"z":0.0},"rotation":{"x":-0.013136361725628376,"y":-0.23038995265960694,"z":-0.0031104532536119224,"w":0.9730047583580017},"size":4.256363868713379,"orthographic":true}