{"cameraMode":{"drawMode":0,"name":"Shaded","section":"Shading Mode"},"sceneLighting":true,"audioPlay":false,"sceneViewState":{"showFog":true,"showMaterialUpdate":false,"showSkybox":true,"showFlares":true,"showImageEffects":true,"showParticleSystems":true},"in2DMode":false,"pivot":{"x":3.8276562690734865,"y":-0.24433861672878266,"z":-1.1616092920303345},"rotation":{"x":0.08315117657184601,"y":-0.059754662215709689,"z":0.004996891599148512,"w":0.9947312474250794},"size":13.228167533874512,"orthographic":true}