{"cameraMode":{"drawMode":0,"name":"Shaded","section":"Shading Mode"},"sceneLighting":false,"audioPlay":false,"sceneViewState":{"showFog":true,"showMaterialUpdate":false,"showSkybox":true,"showFlares":true,"showImageEffects":true,"showParticleSystems":true},"in2DMode":false,"pivot":{"x":-0.000008344650268554688,"y":-0.2443399429321289,"z":-1.0927019119262696},"rotation":{"x":0.30562472343444826,"y":-0.3766687512397766,"z":0.13320185244083405,"w":0.8642750978469849},"size":39.7779655456543,"orthographic":false}