{"cameraMode":{"drawMode":0,"name":"Shaded","section":"Shading Mode"},"sceneLighting":true,"audioPlay":false,"sceneViewState":{"showFog":true,"showMaterialUpdate":false,"showSkybox":true,"showFlares":true,"showImageEffects":true,"showParticleSystems":true},"in2DMode":false,"pivot":{"x":0.0,"y":-0.19687175750732423,"z":0.2503983974456787},"rotation":{"x":0.1747015416622162,"y":-0.09289541840553284,"z":0.016558580100536348,"w":0.9800896048545837},"size":65.48039245605469,"orthographic":true}