{"cameraMode":{"drawMode":0,"name":"Shaded","section":"Shading Mode"},"sceneLighting":false,"audioPlay":false,"sceneViewState":{"showFog":true,"showMaterialUpdate":false,"showSkybox":true,"showFlares":true,"showImageEffects":true,"showParticleSystems":true},"in2DMode":false,"pivot":{"x":1.8394763469696046,"y":4.244999885559082,"z":-1.340000033378601},"rotation":{"x":0.054411474615335467,"y":-0.7261104583740234,"z":0.05784755200147629,"w":0.6829764246940613},"size":1.5592854022979737,"orthographic":true}